gi-- ==========================
-- 1. Seed Lookup Tables
-- ==========================

-- User roles
INSERT INTO "UserRole" (role_id, role_name) VALUES
  ('00000000-0000-0000-0000-000000000001', 'guest'),
  ('00000000-0000-0000-0000-000000000002', 'host'),
  ('00000000-0000-0000-0000-000000000003', 'admin');

-- Booking status
INSERT INTO "BookingStatus" (status_id, status_name) VALUES
  ('00000000-0000-0000-0000-000000000010', 'pending'),
  ('00000000-0000-0000-0000-000000000011', 'confirmed'),
  ('00000000-0000-0000-0000-000000000012', 'canceled');

-- Payment methods
INSERT INTO "PaymentMethod" (method_id, method_name) VALUES
  ('00000000-0000-0000-0000-000000000020', 'credit_card'),
  ('00000000-0000-0000-0000-000000000021', 'paypal'),
  ('00000000-0000-0000-0000-000000000022', 'stripe');

-- Locations
INSERT INTO "Location" (location_id, city, state, country) VALUES
  ('00000000-0000-0000-0000-000000000101', 'New York', 'NY', 'USA'),
  ('00000000-0000-0000-0000-000000000102', 'Johannesburg', 'JHB', 'RSA'),
  ('00000000-0000-0000-0000-000000000103', 'Paris', NULL, 'France');

-- ==========================
-- 2. Users
-- ==========================

INSERT INTO "User" (user_id, first_name, last_name, email, password_hash, phone_number, role_id) VALUES
  ('00000000-0000-0000-0000-000000000201', 'Alice', 'Smith', 'alice@example.com', 'hash1', '1234567890', '00000000-0000-0000-0000-000000000001'),
  ('00000000-0000-0000-0000-000000000202', 'Bob', 'Johnson', 'bob@example.com', 'hash2', '2345678901', '00000000-0000-0000-0000-000000000002'),
  ('00000000-0000-0000-0000-000000000203', 'Charlie', 'Admin', 'admin@example.com', 'hash3', NULL, '00000000-0000-0000-0000-000000000003');

-- ==========================
-- 3. Properties
-- ==========================

INSERT INTO "Property" (property_id, host_id, name, description, location_id, pricepernight) VALUES
  ('00000000-0000-0000-0000-000000000301', '00000000-0000-0000-0000-000000000202', 'Sunny Loft NYC', 'Cozy loft in downtown Manhattan', '00000000-0000-0000-0000-000000000101', 150.00),
  ('00000000-0000-0000-0000-000000000302', '00000000-0000-0000-0000-000000000202', 'Cousy', 'A house in Sandton City', '00000000-0000-0000-0000-000000000102', 200.00),
  ('00000000-0000-0000-0000-000000000303', '00000000-0000-0000-0000-000000000202', 'Romantic Paris Flat', 'Perfect for couples', '00000000-0000-0000-0000-000000000103', 120.00);

-- ==========================
-- 4. Bookings
-- ==========================

INSERT INTO "Booking" (booking_id, property_id, user_id, start_date, end_date, total_price, status_id) VALUES
  ('00000000-0000-0000-0000-000000000401', '00000000-0000-0000-0000-000000000301', '00000000-0000-0000-0000-000000000201', '2025-07-01', '2025-07-05', 600.00, '00000000-0000-0000-0000-000000000011'),
  ('00000000-0000-0000-0000-000000000402', '00000000-0000-0000-0000-000000000302', '00000000-0000-0000-0000-000000000201', '2025-08-10', '2025-08-12', 400.00, '00000000-0000-0000-0000-000000000010');

-- ==========================
-- 5. Payments
-- ==========================

INSERT INTO "Payment" (payment_id, booking_id, amount, payment_date, method_id) VALUES
  ('00000000-0000-0000-0000-000000000501', '00000000-0000-0000-0000-000000000401', 600.00, '2025-06-25', '00000000-0000-0000-0000-000000000020'),
  ('00000000-0000-0000-0000-000000000502', '00000000-0000-0000-0000-000000000402', 400.00, '2025-06-26', '00000000-0000-0000-0000-000000000021');

-- ==========================
-- 6. Reviews
-- ==========================

INSERT INTO "Review" (review_id, property_id, user_id, rating, comment) VALUES
  ('00000000-0000-0000-0000-000000000601', '00000000-0000-0000-0000-000000000301', '00000000-0000-0000-0000-000000000201', 5, 'Absolutely loved it! Clean, comfy, and a great location.'),
  ('00000000-0000-0000-0000-000000000602', '00000000-0000-0000-0000-000000000302', '00000000-0000-0000-0000-000000000202', 4, 'Nice place, but a bit noisy at night.');

-- ==========================
-- 7. Messages
-- ==========================

INSERT INTO "Message" (message_id, sender_id, recipient_id, message_body) VALUES
  ('00000000-0000-0000-0000-000000000701', '00000000-0000-0000-0000-000000000201', '00000000-0000-0000-0000-000000000202', 'Hi, is the loft available for early check-in?'),
  ('00000000-0000-0000-0000-000000000702', '00000000-0000-0000-0000-000000000201', '00000000-0000-0000-0000-000000000201', 'Yes, you can check in after 12pm.');
